{
    "fields": [
        {
            "consumer": {
                "description": "Custom type for representing a foreign key with a null value allowed.",
                "eq": null,
                "reference": "consumers",
                "type": "foreign"
            }
        },
        {
            "protocols": {
                "default": [
                    "http",
                    "https",
                    "grpc",
                    "grpcs"
                ],
                "description": "A set of strings representing HTTP protocols.",
                "elements": {
                    "one_of": [
                        "http",
                        "https",
                        "grpc",
                        "grpcs"
                    ],
                    "type": "string"
                },
                "required": true,
                "type": "set"
            }
        },
        {
            "config": {
                "entity_checks": [
                    {
                        "conditional": {
                            "if_field": "ping.enabled",
                            "if_match": {
                                "eq": true
                            },
                            "then_field": "ping.issuer",
                            "then_match": {
                                "required": true
                            }
                        }
                    },
                    {
                        "conditional": {
                            "if_field": "sts.enabled",
                            "if_match": {
                                "eq": true
                            },
                            "then_field": "sts.url",
                            "then_match": {
                                "required": true
                            }
                        }
                    },
                    {
                        "conditional": {
                            "if_field": "sts.enabled",
                            "if_match": {
                                "eq": true
                            },
                            "then_field": "sts.issuers",
                            "then_match": {
                                "required": true
                            }
                        }
                    },
                    {
                        "conditional": {
                            "if_field": "heimdall.enabled",
                            "if_match": {
                                "eq": true
                            },
                            "then_field": "heimdall.issuer",
                            "then_match": {
                                "required": true
                            }
                        }
                    },
                    {
                        "conditional": {
                            "if_field": "heimdall.enabled",
                            "if_match": {
                                "eq": true
                            },
                            "then_field": "heimdall.jwks_url",
                            "then_match": {
                                "required": true
                            }
                        }
                    },
                    {
                        "conditional_at_least_one_of": {
                            "if_field": "entra.enabled",
                            "if_match": {
                                "eq": true
                            },
                            "then_at_least_one_of": [
                                "entra.prefix",
                                "entra.allowed_issuers"
                            ],
                            "then_err": "either 'entra.prefix' or 'entra.allowed_issuers' must be configured"
                        }
                    },
                    {
                        "conditional_at_least_one_of": {
                            "if_field": "cache.enabled",
                            "if_match": {
                                "eq": true
                            },
                            "then_at_least_one_of": [
                                "cache.inmemory_settings.enabled",
                                "cache.redis_settings.enabled"
                            ],
                            "then_err": "must enable at least one of the cache types"
                        }
                    }
                ],
                "fields": [
                    {
                        "ping": {
                            "fields": [
                                {
                                    "enabled": {
                                        "type": "boolean"
                                    }
                                },
                                {
                                    "issuer": {
                                        "type": "string"
                                    }
                                },
                                {
                                    "client_id": {
                                        "type": "string"
                                    }
                                },
                                {
                                    "client_secret": {
                                        "type": "string"
                                    }
                                }
                            ],
                            "type": "record"
                        }
                    },
                    {
                        "entra": {
                            "fields": [
                                {
                                    "enabled": {
                                        "type": "boolean"
                                    }
                                },
                                {
                                    "prefix": {
                                        "type": "string"
                                    }
                                },
                                {
                                    "allowed_issuers": {
                                        "elements": {
                                            "type": "string"
                                        },
                                        "type": "array"
                                    }
                                },
                                {
                                    "allowed_audience": {
                                        "elements": {
                                            "type": "string"
                                        },
                                        "type": "array"
                                    }
                                }
                            ],
                            "type": "record"
                        }
                    },
                    {
                        "cache": {
                            "fields": [
                                {
                                    "enabled": {
                                        "default": true,
                                        "type": "boolean"
                                    }
                                },
                                {
                                    "use_global_cache": {
                                        "type": "boolean"
                                    }
                                },
                                {
                                    "default_ttl": {
                                        "default": 300,
                                        "type": "integer"
                                    }
                                },
                                {
                                    "redis_settings": {
                                        "fields": [
                                            {
                                                "enabled": {
                                                    "type": "boolean"
                                                }
                                            },
                                            {
                                                "redis_url": {
                                                    "type": "string"
                                                }
                                            },
                                            {
                                                "cluster_enabled": {
                                                    "type": "boolean"
                                                }
                                            },
                                            {
                                                "tls_enabled": {
                                                    "type": "boolean"
                                                }
                                            },
                                            {
                                                "username": {
                                                    "type": "string"
                                                }
                                            },
                                            {
                                                "password": {
                                                    "type": "string"
                                                }
                                            }
                                        ],
                                        "type": "record"
                                    }
                                },
                                {
                                    "inmemory_settings": {
                                        "fields": [
                                            {
                                                "enabled": {
                                                    "default": true,
                                                    "type": "boolean"
                                                }
                                            }
                                        ],
                                        "type": "record"
                                    }
                                }
                            ],
                            "type": "record"
                        }
                    },
                    {
                        "sts": {
                            "fields": [
                                {
                                    "enabled": {
                                        "type": "boolean"
                                    }
                                },
                                {
                                    "url": {
                                        "type": "string"
                                    }
                                },
                                {
                                    "issuers": {
                                        "elements": {
                                            "type": "string"
                                        },
                                        "type": "array"
                                    }
                                },
                                {
                                    "use_json": {
                                        "default": true,
                                        "type": "boolean"
                                    }
                                }
                            ],
                            "type": "record"
                        }
                    },
                    {
                        "heimdall": {
                            "fields": [
                                {
                                    "enabled": {
                                        "type": "boolean"
                                    }
                                },
                                {
                                    "issuer": {
                                        "type": "string"
                                    }
                                },
                                {
                                    "jwks_url": {
                                        "type": "string"
                                    }
                                }
                            ],
                            "type": "record"
                        }
                    },
                    {
                        "upstream": {
                            "fields": [
                                {
                                    "uuid_header": {
                                        "default": "User-Identifier",
                                        "type": "string"
                                    }
                                },
                                {
                                    "entra_oid_header": {
                                        "default": "Entra-User-Identifier",
                                        "type": "string"
                                    }
                                },
                                {
                                    "auth_token_header": {
                                        "default": "Auth-Token",
                                        "type": "string"
                                    }
                                },
                                {
                                    "auth_token_kind_header": {
                                        "default": "Auth-Token-Kind",
                                        "type": "string"
                                    }
                                },
                                {
                                    "client_id_header": {
                                        "type": "string"
                                    }
                                }
                            ],
                            "type": "record"
                        }
                    },
                    {
                        "preserve_authorization_header": {
                            "type": "boolean"
                        }
                    },
                    {
                        "authorization_header_name": {
                            "default": "Authorization",
                            "type": "string"
                        }
                    },
                    {
                        "authorization_cookie_name": {
                            "type": "string"
                        }
                    },
                    {
                        "unauthorized_error_message": {
                            "type": "string"
                        }
                    },
                    {
                        "log_level": {
                            "default": "info",
                            "type": "string"
                        }
                    }
                ],
                "type": "record"
            }
        }
    ],
    "name": "authn"
}