{
    "fields": [
        {
            "consumer": {
                "description": "Custom type for representing a foreign key with a null value allowed.",
                "eq": null,
                "reference": "consumers",
                "type": "foreign"
            }
        },
        {
            "protocols": {
                "default": [
                    "http",
                    "https",
                    "grpc",
                    "grpcs"
                ],
                "description": "A set of strings representing HTTP protocols.",
                "elements": {
                    "one_of": [
                        "http",
                        "https",
                        "grpc",
                        "grpcs"
                    ],
                    "type": "string"
                },
                "required": true,
                "type": "set"
            }
        },
        {
            "config": {
                "entity_checks": [
                    {
                        "conditional_at_least_one_of": {
                            "if_field": "cache.enabled",
                            "if_match": {
                                "eq": true
                            },
                            "then_at_least_one_of": [
                                "cache.inmemory_settings.enabled",
                                "cache.redis_settings.enabled"
                            ],
                            "then_err": "must enable at least one of the cache types"
                        }
                    }
                ],
                "fields": [
                    {
                        "odps": {
                            "fields": [
                                {
                                    "url": {
                                        "required": true,
                                        "type": "string"
                                    }
                                },
                                {
                                    "appid": {
                                        "required": true,
                                        "type": "string"
                                    }
                                },
                                {
                                    "required_permissions": {
                                        "elements": {
                                            "type": "string"
                                        },
                                        "type": "array"
                                    }
                                }
                            ],
                            "type": "record"
                        }
                    },
                    {
                        "cache": {
                            "fields": [
                                {
                                    "enabled": {
                                        "default": true,
                                        "type": "boolean"
                                    }
                                },
                                {
                                    "use_global_cache": {
                                        "type": "boolean"
                                    }
                                },
                                {
                                    "default_ttl": {
                                        "default": 300,
                                        "type": "integer"
                                    }
                                },
                                {
                                    "redis_settings": {
                                        "fields": [
                                            {
                                                "enabled": {
                                                    "type": "boolean"
                                                }
                                            },
                                            {
                                                "redis_url": {
                                                    "type": "string"
                                                }
                                            },
                                            {
                                                "cluster_enabled": {
                                                    "type": "boolean"
                                                }
                                            },
                                            {
                                                "tls_enabled": {
                                                    "type": "boolean"
                                                }
                                            },
                                            {
                                                "username": {
                                                    "type": "string"
                                                }
                                            },
                                            {
                                                "password": {
                                                    "type": "string"
                                                }
                                            }
                                        ],
                                        "type": "record"
                                    }
                                },
                                {
                                    "inmemory_settings": {
                                        "fields": [
                                            {
                                                "enabled": {
                                                    "default": true,
                                                    "type": "boolean"
                                                }
                                            }
                                        ],
                                        "type": "record"
                                    }
                                }
                            ],
                            "type": "record"
                        }
                    },
                    {
                        "upstream": {
                            "fields": [
                                {
                                    "po_header": {
                                        "default": "ODPS-PO",
                                        "type": "string"
                                    }
                                }
                            ],
                            "type": "record"
                        }
                    },
                    {
                        "forbidden_error_message": {
                            "type": "string"
                        }
                    },
                    {
                        "log_level": {
                            "default": "info",
                            "type": "string"
                        }
                    }
                ],
                "type": "record"
            }
        }
    ],
    "name": "authn"
}